type,stem,topic_slug,subtopic_slug,difficulty,skill,marks,neg_marks,est_time_sec,board_pattern,status,source,tags,options,answer_json,rubric_json,explanation
mcq,"Fe2O3 + 2Al → Al2O3 + 2Fe. The above reaction is an example of a",chemistry-chemical-reactions,,1,recall,1,0,60,SEBA,draft,import,,"[{""label"":""A"",""body"":""Combination reaction"",""is_correct"":false},{""label"":""B"",""body"":""Double displacement reaction"",""is_correct"":false},{""label"":""C"",""body"":""Decomposition reaction"",""is_correct"":false},{""label"":""D"",""body"":""Displacement reaction"",""is_correct"":true}]","{""correct_option"":""D""}","","Fe2O3 + 2Al → Al2O3 + 2Fe: aluminium is more reactive than iron, so it displaces iron from its oxide (thermite reaction). That makes it a displacement reaction."
mcq,"The use of washing soda is",chemistry-acids-bases-salts,,1,recall,1,0,60,SEBA,draft,import,,"[{""label"":""A"",""body"":""To make water alkaline."",""is_correct"":false},{""label"":""B"",""body"":""To change the state of water."",""is_correct"":false},{""label"":""C"",""body"":""To decrease the temperature of water."",""is_correct"":false},{""label"":""D"",""body"":""To removed the permanent hardness of water."",""is_correct"":true}]","{""correct_option"":""D""}","","Washing soda (Na2CO3·10H2O) removes permanent hardness by precipitating calcium and magnesium ions as insoluble carbonates."
mcq,"Which of the following is a logical sequence of food chain?",biology-our-environment,,1,recall,1,0,60,SEBA,draft,import,,"[{""label"":""A"",""body"":""Producer → consumer → decomposer"",""is_correct"":true},{""label"":""B"",""body"":""Producer → decomposer → consumer"",""is_correct"":false},{""label"":""C"",""body"":""Consumer → producer → decomposer"",""is_correct"":false},{""label"":""D"",""body"":""Decomposer → consumer → producer"",""is_correct"":false}]","{""correct_option"":""A""}","","A food chain starts with producers, which are eaten by consumers; decomposers act on dead remains: Producer → Consumer → Decomposer."
mcq,"Which of the following is not a type of neuron?",biology-control-coordination,,1,recall,1,0,60,SEBA,draft,import,,"[{""label"":""A"",""body"":""SensoryNeuren"",""is_correct"":false},{""label"":""B"",""body"":""Relay Neuran"",""is_correct"":false},{""label"":""C"",""body"":""Respiratory Neuron"",""is_correct"":true},{""label"":""D"",""body"":""Motor Neuron"",""is_correct"":false}]","{""correct_option"":""C""}","","The three types of neurons are sensory, relay (intermediate) and motor. There is no ""respiratory neuron""."
mcq,"A feature of reproduction that is common to Amoeba, yeast and Spirogyra is that",biology-how-do-organisms-reproduce,,2,recall,1,0,60,SEBA,draft,import,,"[{""label"":""A"",""body"":""They reproduce asexually."",""is_correct"":true},{""label"":""B"",""body"":""They are all unicellular."",""is_correct"":false},{""label"":""C"",""body"":""They reproduce only sexually."",""is_correct"":false},{""label"":""D"",""body"":""They are all multicellular."",""is_correct"":false}]","{""correct_option"":""A""}","","Amoeba (binary fission), yeast (budding) and Spirogyra (fragmentation) all reproduce asexually. Spirogyra is multicellular, so (b) and (d) are wrong."
mcq,"The main message of the ‘Chipko’ movement is—",biology-management-of-natural-resources,,1,recall,1,0,60,SEBA,draft,import,,"[{""label"":""A"",""body"":""Local communities should not be given priority in forest conservation."",""is_correct"":false},{""label"":""B"",""body"":""Trees should be cut down for development works."",""is_correct"":false},{""label"":""C"",""body"":""Local communities should be involved in forest conservation."",""is_correct"":true},{""label"":""D"",""body"":""Goverment agencies may destroy trees without any question."",""is_correct"":false}]","{""correct_option"":""C""}","","The Chipko movement (Garhwal) showed that local communities should take part in protecting forests."
mcq,"A big tree falls in a forest, but its roots are still in contact with the soil. The branches of this fallen tree grow straight up. This happens in response to",biology-control-coordination-tropisms,,2,recall,1,0,60,SEBA,draft,import,,"[{""label"":""A"",""body"":""Water and light"",""is_correct"":false},{""label"":""B"",""body"":""Water and minarals"",""is_correct"":false},{""label"":""C"",""body"":""Gravity and water"",""is_correct"":false},{""label"":""D"",""body"":""Light and gravity"",""is_correct"":true}]","{""correct_option"":""D""}","","Shoots grow away from gravity (negative geotropism) and towards light (positive phototropism), so the branches grow straight up."
mcq,"At the time of short circuit, current in a circuit—",physics-electricity,,1,recall,1,0,60,SEBA,draft,import,,"[{""label"":""A"",""body"":""Reduces substantially."",""is_correct"":false},{""label"":""B"",""body"":""Does not change."",""is_correct"":false},{""label"":""C"",""body"":""Increases heavily"",""is_correct"":true},{""label"":""D"",""body"":""Vary continuously."",""is_correct"":false}]","{""correct_option"":""C""}","","In a short circuit the resistance becomes almost zero, so by I = V/R the current rises very heavily."
mcq,"Which of the following is not derived from solar energy?",physics-sources-of-energy,,2,recall,1,0,60,SEBA,draft,import,,"[{""label"":""A"",""body"":""Geothermal energy"",""is_correct"":false},{""label"":""B"",""body"":""Wind energy"",""is_correct"":false},{""label"":""C"",""body"":""Nuclear energy"",""is_correct"":true},{""label"":""D"",""body"":""Biomass"",""is_correct"":false}]","{""correct_option"":""C""}","","Wind, biomass and most other sources trace back to the Sun. Nuclear energy comes from fission of heavy nuclei. Geothermal heat comes from inside the Earth, so it is also not solar."
mcq,"Which colour in the spectrum has the lowest dispersion?",physics-light-dispersion,,2,recall,1,0,60,SEBA,draft,import,,"[{""label"":""A"",""body"":""Red"",""is_correct"":true},{""label"":""B"",""body"":""Violet"",""is_correct"":false},{""label"":""C"",""body"":""Blue"",""is_correct"":false},{""label"":""D"",""body"":""Green"",""is_correct"":false}]","{""correct_option"":""A""}","","Red light bends (deviates) least and violet the most, so red has the lowest dispersion."
mcq,"A component used to regulate current without changing the voltage source is called—",physics-electricity,,1,recall,1,0,60,SEBA,draft,import,,"[{""label"":""A"",""body"":""Voltmeter"",""is_correct"":false},{""label"":""B"",""body"":""Ammeter"",""is_correct"":false},{""label"":""C"",""body"":""Galvanometer"",""is_correct"":false},{""label"":""D"",""body"":""Rheostat"",""is_correct"":true}]","{""correct_option"":""D""}","","A rheostat is a variable resistor. It changes the resistance, and so the current, without changing the source voltage."
mcq,"Which metal is used in thermite process?",chemistry-metals-non-metals,,1,recall,1,0,60,SEBA,draft,import,,"[{""label"":""A"",""body"":""C"",""is_correct"":false},{""label"":""B"",""body"":""Co"",""is_correct"":false},{""label"":""C"",""body"":""Al"",""is_correct"":true},{""label"":""D"",""body"":""Zn"",""is_correct"":false}]","{""correct_option"":""C""}","","In the thermite process, aluminium reduces the oxide of a less reactive metal (e.g. Fe2O3) and releases a lot of heat. It is used to weld rail tracks."
mcq,"How many covalent bonds are present in pentane?",chemistry-carbon-its-compounds,,2,recall,1,0,60,SEBA,draft,import,,"[{""label"":""A"",""body"":""19"",""is_correct"":false},{""label"":""B"",""body"":""16"",""is_correct"":true},{""label"":""C"",""body"":""5"",""is_correct"":false},{""label"":""D"",""body"":""7"",""is_correct"":false}]","{""correct_option"":""B""}","","Pentane is C5H12. It has 4 C–C bonds and 12 C–H bonds, so 4 + 12 = 16 covalent bonds."
mcq,"Which of the following proportion is the correct result of Mendel's monohybrid cross?",biology-heredity,,1,recall,1,0,60,SEBA,draft,import,,"[{""label"":""A"",""body"":""1:3"",""is_correct"":false},{""label"":""B"",""body"":""2:5"",""is_correct"":false},{""label"":""C"",""body"":""1:5"",""is_correct"":false},{""label"":""D"",""body"":""3:1"",""is_correct"":true}]","{""correct_option"":""D""}","","In Mendel's monohybrid cross the F2 phenotypic ratio is 3 : 1 (3 dominant to 1 recessive)."
mcq,"Which of the following correctly represents a balanced chemical equation?",chemistry-chemical-reactions-balancing,,2,recall,1,0,60,SEBA,draft,import,,"[{""label"":""A"",""body"":""Fe(s) + 4H2O(g) → Fe3O4(s) + 4H2(g)"",""is_correct"":false},{""label"":""B"",""body"":""3Fe(s) + 4H2O(g) → Fe3O4(s) + 4H2(g)"",""is_correct"":true},{""label"":""C"",""body"":""3Fe(s) + H2O(g) → Fe3O4(s) + H2(g)"",""is_correct"":false},{""label"":""D"",""body"":""3Fe(s) + 4H2O(g) → Fe2O3(s) + H2(g)"",""is_correct"":false}]","{""correct_option"":""B""}","","3Fe + 4H2O → Fe3O4 + 4H2 has 3 Fe, 8 H and 4 O on each side. The other options do not balance."
mcq,"When lead nitrate is heated, brown fumes are emitted. Identify the brown fumes.",chemistry-chemical-reactions,,1,recall,1,0,60,SEBA,draft,import,,"[{""label"":""A"",""body"":""NO"",""is_correct"":false},{""label"":""B"",""body"":""NO2"",""is_correct"":true},{""label"":""C"",""body"":""PbO"",""is_correct"":false},{""label"":""D"",""body"":""O"",""is_correct"":false}]","{""correct_option"":""B""}","","2Pb(NO3)2 → 2PbO + 4NO2 + O2. NO2 is the brown fume."
mcq,"A person is suffering from hypermetropia. The possible reasons of this defect are: (i) the focal length of the eye lens is more; (ii) excessive curvature of the eye lens; (iii) the eyeball has become too small; (iv) diminishing flexibility of the eye lens.",physics-human-eye,,2,recall,1,0,60,SEBA,draft,import,,"[{""label"":""A"",""body"":""(i) and (ii)"",""is_correct"":false},{""label"":""B"",""body"":""(i) and (iii)"",""is_correct"":true},{""label"":""C"",""body"":""(ii) and (iii)"",""is_correct"":false},{""label"":""D"",""body"":""(ii) and (iv)"",""is_correct"":false}]","{""correct_option"":""B""}","","Hypermetropia (far-sightedness) is caused by a long focal length of the eye lens (i) or a too-small eyeball (iii). (ii) causes myopia and (iv) causes presbyopia."
mcq,"Which statements about the modern periodic table are incorrect? (i) It has 18 horizontal rows known as periods. (ii) Electronegativity increases from top to bottom in a group. (iii) It has 7 horizontal rows known as periods. (iv) The effective nuclear charge acting on the valence-shell electrons increases across a period.",chemistry-periodic-classification,,2,recall,1,0,60,SEBA,draft,import,,"[{""label"":""A"",""body"":""(i) and (ii)"",""is_correct"":true},{""label"":""B"",""body"":""(i) and (iv)"",""is_correct"":false},{""label"":""C"",""body"":""(ii) and (iii)"",""is_correct"":false},{""label"":""D"",""body"":""(iii) and (iv)"",""is_correct"":false}]","{""correct_option"":""A""}","","The modern table has 18 groups (vertical columns) and 7 periods (rows), so (i) is wrong. Electronegativity decreases down a group, so (ii) is wrong. (iii) and (iv) are correct."
match,"Match each natural acid with its source: (i) Lemon; (ii) Tamarind; (iii) Curd; (iv) Tomato.",chemistry-acids-bases-salts,,1,recall,1,0,60,SEBA,draft,import,,"[{""label"":""1"",""body"":""Lemon"",""is_correct"":false},{""label"":""2"",""body"":""Tamarind"",""is_correct"":false},{""label"":""3"",""body"":""Curd"",""is_correct"":false},{""label"":""4"",""body"":""Tomato"",""is_correct"":false}]","{""match_pairs"":[{""left"":""Lemon"",""right"":""Citric acid""},{""left"":""Tamarind"",""right"":""Tartaric acid""},{""left"":""Curd"",""right"":""Lactic acid""},{""left"":""Tomato"",""right"":""Oxalic acid""}]}","",""
mcq,"The image represents the structure of a few hydrocarbon compounds. (i) H—C≡C—H; (ii) H—C—C—H with one H above and below each C; (iii) the same ethane structure; (iv) H—C—C=C—H with H above and below the carbon atoms. Which compounds can be classified as alkenes?",chemistry-carbon-its-compounds,,2,recall,1,0,60,SEBA,draft,import,,"[{""label"":""A"",""body"":""Only (i)"",""is_correct"":false},{""label"":""B"",""body"":""Only (ii)"",""is_correct"":false},{""label"":""C"",""body"":""(i) and (iv)"",""is_correct"":false},{""label"":""D"",""body"":""(ii) and (iv)"",""is_correct"":true}]","{""correct_option"":""D""}","","Alkenes contain a C=C double bond. (i) is an alkyne (C≡C) and the rest are alkanes (single bonds), so only the compounds with C=C, (ii) and (iv) in the original figure, are alkenes."
mcq,"A metal reacts with dilute HCl to form a metal salt and gas. Which two combinations are correct? (i) Copper — gas evolved: Yes; (ii) Iron — Yes; (iii) Magnesium — No; (iv) Zinc — Yes.",chemistry-metals-non-metals,,2,recall,1,0,60,SEBA,draft,import,,"[{""label"":""A"",""body"":""(i) and (iii)"",""is_correct"":false},{""label"":""B"",""body"":""(i) and (iv)"",""is_correct"":false},{""label"":""C"",""body"":""(ii) and (iii)"",""is_correct"":false},{""label"":""D"",""body"":""(ii) and (iv)"",""is_correct"":true}]","{""correct_option"":""D""}","","Metals above hydrogen in the reactivity series (Mg, Zn, Fe) react with dilute HCl and release H2. Copper does not react. So Cu ""Yes"" and Mg ""No"" are wrong; Fe and Zn ""Yes"" are right."
match,"Match each element category with its representative element: (i) Metalloids; (ii) Noble gas; (iii) Halogen; (iv) Alkali metal.",chemistry-periodic-classification,,1,recall,1,0,60,SEBA,draft,import,,"[{""label"":""1"",""body"":""Metalloids"",""is_correct"":false},{""label"":""2"",""body"":""Noble gas"",""is_correct"":false},{""label"":""3"",""body"":""Halogen"",""is_correct"":false},{""label"":""4"",""body"":""Alkali metal"",""is_correct"":false}]","{""match_pairs"":[{""left"":""Metalloids"",""right"":""Si""},{""left"":""Noble gas"",""right"":""Ar""},{""left"":""Halogen"",""right"":""Cl""},{""left"":""Alkali metal"",""right"":""Na""}]}","",""
mcq,"Which is the correct pathway of air during inhalation?",biology-life-processes-respiration,,1,recall,1,0,60,SEBA,draft,import,,"[{""label"":""A"",""body"":""nose/mouth → trachea → bronchi → bronchioles → alveoli"",""is_correct"":true},{""label"":""B"",""body"":""alveoli → bronchioles → bronchi → trachea → nose/mouth."",""is_correct"":false},{""label"":""C"",""body"":""nose/mouth → bronchi → trachea → bronchioles → alveoli"",""is_correct"":false},{""label"":""D"",""body"":""alveoli → bronchi → trachea → bronchioles → nose/mouth."",""is_correct"":false}]","{""correct_option"":""A""}","","Air path in humans: nose/mouth → trachea → bronchi → bronchioles → alveoli."
mcq,"Arrange Be, Ne, He, Na, Cl and Al in increasing order of atomic number.",chemistry-periodic-classification,,2,recall,1,0,60,SEBA,draft,import,,"[{""label"":""A"",""body"":""Na < Ne < Cl < Al < Be < He"",""is_correct"":false},{""label"":""B"",""body"":""He < Be < Na < Ne < Cl < Al"",""is_correct"":false},{""label"":""C"",""body"":""Cl < Al < Na < Ne < Be < He"",""is_correct"":false},{""label"":""D"",""body"":""He < Be < Ne < Na < Al < Cl"",""is_correct"":true}]","{""correct_option"":""D""}","","Atomic numbers: He 2, Be 4, Ne 10, Na 11, Al 13, Cl 17. In increasing order: He < Be < Ne < Na < Al < Cl."
mcq,"Find the correct sequence in the activity for Ohm's law. (i) Connecting a known resistance; (ii) Connecting a voltmeter across the resistance; (iii) Calculating the resistance; (iv) Calculating the current.",physics-electricity-ohms-law-activity,,2,recall,1,0,60,SEBA,draft,import,,"[{""label"":""A"",""body"":""(i) → (ii) → (iii) → (iv)"",""is_correct"":false},{""label"":""B"",""body"":""(ii) → (i) → (iv) → (iii)"",""is_correct"":true},{""label"":""C"",""body"":""(iii) → (i) → (ii) → (iv)"",""is_correct"":false},{""label"":""D"",""body"":""(iii) → (ii) → (iv) → (i)"",""is_correct"":false}]","{""correct_option"":""B""}","","The activity needs a known resistance, a voltmeter across it, the current measured, and then the resistance calculated (R = V/I). Option (b) is the closest to this order."
