question_id,type,chapter_slug,topic_slug,subtopic,stem,difficulty,skill,marks,neg_marks,est_time_sec,board_pattern,pyq_year,lang,status,source,parent_id,correct_option,answer_text,explanation,common_mistake,exam_focus,tags
CR-T1-001,mcq,chemical-reactions-and-equations,chemical-equations-balancing,Identifying chemical reactions,Which of the following is NOT an observation that indicates a chemical reaction?,1,recall,1,0,45,CBSE/SEBA,,en,draft,AI-original (needs review),,D,Change in the size of a solid piece,"Size change is physical. Gas evolution, colour change, precipitate formation and temperature change point to a chemical reaction.",Treating every visible change as a chemical change.,board,mcq;identifying chemical reactions
CR-T1-002,mcq,chemical-reactions-and-equations,chemical-equations-balancing,Balancing equations,Chemical equations are balanced to satisfy the law of:,1,recall,1,0,45,CBSE/SEBA,,en,draft,AI-original (needs review),,A,Conservation of mass,"Mass is neither created nor destroyed, so atoms of each element must be equal on both sides.",,board,mcq;balancing equations
CR-T1-003,mcq,chemical-reactions-and-equations,chemical-equations-balancing,Balancing equations,"The coefficients of Fe, H₂O, Fe₃O₄ and H₂ in the balanced equation Fe + H₂O → Fe₃O₄ + H₂ are:",2,application,1,0,45,CBSE/SEBA,,en,draft,AI-original (needs review),,A,"3, 4, 1, 4","3Fe + 4H₂O → Fe₃O₄ + 4H₂ has 3 Fe, 8 H and 4 O on each side.",Balancing H₂ before Fe and O.,board,mcq;balancing equations
CR-T1-004,mcq,chemical-reactions-and-equations,chemical-equations-balancing,Balancing equations,"The coefficients of Al, O₂ and Al₂O₃ in the balanced equation Al + O₂ → Al₂O₃ are respectively:",2,application,1,0,45,CBSE/SEBA,,en,draft,AI-original (needs review),,A,"4, 3, 2",4Al + 3O₂ → 2Al₂O₃ has 4 Al and 6 O on each side.,,board,mcq;balancing equations
CR-T1-005,mcq,chemical-reactions-and-equations,chemical-equations-balancing,Balancing equations,The sum of the coefficients in the balanced equation N₂ + H₂ → NH₃ is:,2,application,1,0,45,CBSE/SEBA,,en,draft,AI-original (needs review),,A,6,N₂ + 3H₂ → 2NH₃ gives 1 + 3 + 2 = 6.,,board,mcq;balancing equations
CR-T1-006,mcq,chemical-reactions-and-equations,chemical-equations-balancing,Balancing equations,Which of the following is a balanced chemical equation?,1,recall,1,0,45,CBSE/SEBA,,en,draft,AI-original (needs review),,C,2H₂ + O₂ → 2H₂O,Only 2H₂ + O₂ → 2H₂O has 4 H and 2 O on both sides.,,board,mcq;balancing equations
CR-T1-007,mcq,chemical-reactions-and-equations,chemical-equations-balancing,Balancing equations,An equation should not be balanced by changing the subscripts in a formula because:,3,reasoning,1,0,60,CBSE/SEBA,,en,draft,AI-original (needs review),,D,It changes the identity of the substance,Changing a subscript turns one compound into a different compound (for example H₂O to H₂O₂).,Changing subscripts instead of coefficients.,board;NTSE;foundation,mcq;balancing equations
CR-T1-008,mcq,chemical-reactions-and-equations,chemical-equations-balancing,Identifying chemical reactions,Which gas is evolved when zinc granules react with dilute sulphuric acid?,1,recall,1,0,45,CBSE/SEBA,,en,draft,AI-original (needs review),,C,Hydrogen,Zn + H₂SO₄ → ZnSO₄ + H₂. Hydrogen burns with a pop sound.,,board,mcq;identifying chemical reactions
CR-T1-009,mcq,chemical-reactions-and-equations,chemical-equations-balancing,Identifying chemical reactions,"On heating lead nitrate powder in a boiling tube, brown fumes are due to:",1,recall,1,0,45,CBSE/SEBA,,en,draft,AI-original (needs review),,C,Nitrogen dioxide,NO₂ is a brown gas. Oxygen is colourless and PbO is a yellow residue.,,board,mcq;identifying chemical reactions
CR-T1-010,mcq,chemical-reactions-and-equations,chemical-equations-balancing,Balancing equations,"In the balanced equation 2Pb(NO₃)₂ → 2PbO + xNO₂ + O₂, the value of x is:",2,application,1,0,45,CBSE/SEBA,,en,draft,AI-original (needs review),,A,4,"N: 4 on the left, so x = 4. O: 12 = 2 + 8 + 2.",,board,mcq;balancing equations
CR-T1-011,mcq,chemical-reactions-and-equations,chemical-equations-balancing,Balancing equations,The smallest whole-number coefficient of O₂ in the balanced equation C₂H₆ + O₂ → CO₂ + H₂O is:,3,application,1,0,60,CBSE/SEBA,,en,draft,AI-original (needs review),,B,7,2C₂H₆ + 7O₂ → 4CO₂ + 6H₂O. Fractional coefficient 7/2 is doubled to give whole numbers.,Leaving 7/2 as the coefficient.,board;NTSE;foundation,mcq;balancing equations
CR-T1-012,mcq,chemical-reactions-and-equations,chemical-equations-balancing,Balancing equations,"In the balanced equation 2KClO₃ → 2KCl + xO₂, the value of x is:",3,application,1,0,60,CBSE/SEBA,,en,draft,AI-original (needs review),,C,3,6 O atoms on the left need 3 O₂ on the right.,,board;NTSE;foundation,mcq;balancing equations
CR-T1-013,mcq,chemical-reactions-and-equations,chemical-equations-balancing,Identifying chemical reactions,Which of the following is a chemical change?,1,recall,1,0,45,CBSE/SEBA,,en,draft,AI-original (needs review),,B,Souring of milk,"Souring forms lactic acid, a new substance.",,board,mcq;identifying chemical reactions
CR-T1-014,mcq,chemical-reactions-and-equations,chemical-equations-balancing,State symbols and conditions,"In a chemical equation, a downward arrow (↓) written after a product indicates that the product is:",1,recall,1,0,45,CBSE/SEBA,,en,draft,AI-original (needs review),,C,An insoluble solid (precipitate),↓ marks a precipitate and ↑ marks a gas.,,board,mcq;state symbols and conditions
CR-T1-015,assertion_reason,chemical-reactions-and-equations,chemical-equations-balancing,Balancing equations,"Assertion (A): A chemical equation must be balanced.
Reason (R): Mass can neither be created nor destroyed in a chemical reaction.",1,recall,1,0,60,CBSE/SEBA,,en,draft,AI-original (needs review),,A,Both A and R are true and R is the correct explanation of A.,R is the law that A follows from.,,board,assertion_reason;balancing equations
CR-T1-016,assertion_reason,chemical-reactions-and-equations,chemical-equations-balancing,Balancing equations,"Assertion (A): A skeletal equation can be balanced by changing the subscripts of the formulae.
Reason (R): Balancing requires the same number of atoms of each element on both sides.",3,reasoning,1,0,75,CBSE/SEBA,,en,draft,AI-original (needs review),,D,A is false but R is true.,"Only coefficients can be changed, so A is false. R is true.",,board;NTSE;foundation,assertion_reason;balancing equations
CR-T1-017,assertion_reason,chemical-reactions-and-equations,chemical-equations-balancing,Identifying chemical reactions,"Assertion (A): Evolution of a gas always indicates a chemical reaction.
Reason (R): Boiling of water also produces a gas (steam).",3,reasoning,1,0,75,CBSE/SEBA,,en,draft,AI-original (needs review),,D,A is false but R is true.,"Boiling is physical, so A is false. R is true.",,board;NTSE;foundation,assertion_reason;identifying chemical reactions
CR-T1-018,statement,chemical-reactions-and-equations,chemical-equations-balancing,Balancing equations,"Consider the statements:
I. A balanced equation has the same number of atoms of each element on both sides.
II. Balancing is done by changing the subscripts of the formulae.",1,recall,1,0,50,CBSE/SEBA,,en,draft,AI-original (needs review),,A,Only I is correct,"Balancing changes coefficients, not subscripts.",,board,statement;balancing equations
CR-T1-019,statement,chemical-reactions-and-equations,chemical-equations-balancing,State symbols and conditions,"Consider the statements:
I. (aq) shows that a substance is dissolved in water.
II. ↑ shows that a gas is evolved and ↓ shows that a precipitate is formed.",1,recall,1,0,50,CBSE/SEBA,,en,draft,AI-original (needs review),,C,Both I and II are correct,Both are standard symbols.,,board,statement;state symbols and conditions
CR-T1-020,match,chemical-reactions-and-equations,chemical-equations-balancing,State symbols and conditions,"Match the state symbol with its meaning.
Column I:
1. (s)
2. (l)
3. (g)
4. (aq)
Column II:
P. Liquid
Q. Solid
R. Aqueous solution
S. Gas",2,recall,1,0,75,CBSE/SEBA,,en,draft,AI-original (needs review),,A,"1-Q, 2-P, 3-S, 4-R","s = solid, l = liquid, g = gas, aq = aqueous.",,board,match;state symbols and conditions
CR-T1-021,case_based,chemical-reactions-and-equations,chemical-equations-balancing,Identifying chemical reactions,The brown fumes evolved are of:,1,application,1,0,60,CBSE/SEBA,,en,draft,AI-original (needs review),CP-T1-01,D,Nitrogen dioxide,NO₂ is brown.,,board,case_based;identifying chemical reactions
CR-T1-022,case_based,chemical-reactions-and-equations,chemical-equations-balancing,Identifying chemical reactions,The yellow solid left in the tube is:,1,recall,1,0,60,CBSE/SEBA,,en,draft,AI-original (needs review),CP-T1-01,D,Lead monoxide (PbO),PbO is the yellow residue.,,board,case_based;identifying chemical reactions
CR-T1-023,case_based,chemical-reactions-and-equations,chemical-equations-balancing,Identifying chemical reactions,Heating lead nitrate is an example of:,2,application,1,0,60,CBSE/SEBA,,en,draft,AI-original (needs review),CP-T1-01,A,Thermal decomposition,One reactant breaks down on heating.,,board,case_based;identifying chemical reactions
CR-T1-024,fill_blank,chemical-reactions-and-equations,chemical-equations-balancing,Balancing equations,Chemical equations are balanced because of the law of ____ of mass.,1,recall,1,0,30,CBSE/SEBA,,en,draft,AI-original (needs review),,,conservation,Law of conservation of mass.,,board,fill_blank;balancing equations
CR-T1-025,fill_blank,chemical-reactions-and-equations,chemical-equations-balancing,State symbols and conditions,The symbol written after a substance to show that it is dissolved in water is ____.,1,recall,1,0,30,CBSE/SEBA,,en,draft,AI-original (needs review),,,(aq)|aq,aq = aqueous.,,board,fill_blank;state symbols and conditions
CR-T1-026,fill_blank,chemical-reactions-and-equations,chemical-equations-balancing,State symbols and conditions,The state symbol for a gas is ____.,1,recall,1,0,30,CBSE/SEBA,,en,draft,AI-original (needs review),,,(g)|g,g = gas.,,board,fill_blank;state symbols and conditions
CR-T1-027,equation,chemical-reactions-and-equations,chemical-equations-balancing,Balancing equations,Balance the equation: Al + O₂ → Al₂O₃,2,application,2,0,90,CBSE/SEBA,,en,draft,AI-original (needs review),,,4Al + 3O₂ → 2Al₂O₃,"Accept coefficients 4, 3, 2 only.",,board,equation;balancing equations
CR-T1-028,equation,chemical-reactions-and-equations,chemical-equations-balancing,Balancing equations,Balance the equation: N₂ + H₂ → NH₃,2,application,2,0,90,CBSE/SEBA,,en,draft,AI-original (needs review),,,N₂ + 3H₂ → 2NH₃,"Accept coefficients 1, 3, 2.",,board,equation;balancing equations
CR-T1-029,equation,chemical-reactions-and-equations,chemical-equations-balancing,State symbols and conditions,Iron reacts with steam. Write the balanced equation with state symbols: Fe + H₂O → Fe₃O₄ + H₂,3,application,2,0,105,CBSE/SEBA,,en,draft,AI-original (needs review),,,3Fe(s) + 4H₂O(g) → Fe₃O₄(s) + 4H₂(g),"1 mark for correct balancing, 1 mark for state symbols.",,board;NTSE;foundation,equation;state symbols and conditions
CR-T1-030,short,chemical-reactions-and-equations,chemical-equations-balancing,Balancing equations,Why should a chemical equation be balanced?,2,recall,2,0,120,CBSE/SEBA,,en,draft,AI-original (needs review),,,To obey the law of conservation of mass (1). The total number of atoms of each element must be equal on both sides because matter is neither created nor destroyed (1).,,,board,short;balancing equations
CR-T1-031,short,chemical-reactions-and-equations,chemical-equations-balancing,Writing equations,Differentiate between a skeletal chemical equation and a balanced chemical equation.,2,recall,2,0,120,CBSE/SEBA,,en,draft,AI-original (needs review),,,A skeletal equation shows reactants and products with formulae but without equal numbers of atoms (1). A balanced equation has equal numbers of atoms of each element on both sides (1).,,,board,short;writing equations
CR-T1-032,short,chemical-reactions-and-equations,chemical-equations-balancing,Balancing equations,Balance Fe + H₂O → Fe₃O₄ + H₂ by the hit-and-trial method and show the steps.,2,application,3,0,120,CBSE/SEBA,,en,draft,AI-original (needs review),,,"Write the skeletal equation (1). Balance O by 4H₂O (0.5). Balance H by 4H₂ (0.5). Balance Fe by 3Fe (0.5). Check atoms: 3 Fe, 8 H, 4 O on both sides (0.5).",,,board,short;balancing equations
CR-T1-033,long,chemical-reactions-and-equations,chemical-equations-balancing,Identifying chemical reactions,"What is a chemical equation? State four observations that indicate a chemical reaction with one example of each, and explain why equations must be balanced.",3,reasoning,5,0,315,CBSE/SEBA,,en,draft,AI-original (needs review),,,"Chemical equation: symbolic representation of a reaction (1). Any four: change of state, change of colour, evolution of gas, change of temperature, formation of precipitate, with an example each (2). Balancing: law of conservation of mass, equal atoms on both sides, coefficients not subscripts (2).",,,board;NTSE;foundation,long;identifying chemical reactions
CR-T2-001,mcq,chemical-reactions-and-equations,combination-decomposition,Combination,CaO + H₂O → Ca(OH)₂ + heat is an example of:,1,recall,1,0,45,CBSE/SEBA,,en,draft,AI-original (needs review),,A,A combination reaction,Two reactants combine to give one product.,,board,mcq;combination
CR-T2-002,mcq,chemical-reactions-and-equations,combination-decomposition,Combination,The white powder formed on burning magnesium ribbon in air is:,1,recall,1,0,45,CBSE/SEBA,,en,draft,AI-original (needs review),,D,Magnesium oxide,2Mg + O₂ → 2MgO.,,board,mcq;combination
CR-T2-003,mcq,chemical-reactions-and-equations,combination-decomposition,Thermal decomposition,Thermal decomposition of calcium carbonate gives:,1,recall,1,0,45,CBSE/SEBA,,en,draft,AI-original (needs review),,C,Calcium oxide and carbon dioxide,CaCO₃ → CaO + CO₂.,,board,mcq;thermal decomposition
CR-T2-004,mcq,chemical-reactions-and-equations,combination-decomposition,Electrolytic decomposition,Which of the following is an example of electrolytic decomposition?,2,recall,1,0,45,CBSE/SEBA,,en,draft,AI-original (needs review),,B,2H₂O → 2H₂ + O₂ (electric current passed),Electric current is the energy source in electrolytic decomposition.,,board,mcq;electrolytic decomposition
CR-T2-005,mcq,chemical-reactions-and-equations,combination-decomposition,Electrolytic decomposition,"In the electrolysis of water, the ratio of the volumes of hydrogen to oxygen collected is:",1,recall,1,0,45,CBSE/SEBA,,en,draft,AI-original (needs review),,C,2 : 1,"Water is H₂O, giving twice as many H₂ molecules as O₂ molecules.",,board,mcq;electrolytic decomposition
CR-T2-006,mcq,chemical-reactions-and-equations,combination-decomposition,Photolytic decomposition,White silver chloride turns which colour on exposure to sunlight?,1,recall,1,0,45,CBSE/SEBA,,en,draft,AI-original (needs review),,A,Grey,"Silver metal is formed, giving a grey colour.",,board,mcq;photolytic decomposition
CR-T2-007,mcq,chemical-reactions-and-equations,combination-decomposition,Combination,Slaked lime is:,1,recall,1,0,45,CBSE/SEBA,,en,draft,AI-original (needs review),,A,Calcium hydroxide,"Quicklime is CaO, and slaked lime is Ca(OH)₂.",Confusing quicklime and slaked lime.,board,mcq;combination
CR-T2-008,mcq,chemical-reactions-and-equations,combination-decomposition,Combination,Which of the following is NOT a combination reaction?,1,application,1,0,45,CBSE/SEBA,,en,draft,AI-original (needs review),,A,CaCO₃ → CaO + CO₂,One reactant breaking into two products is decomposition.,Calling thermal decomposition a combination reaction.,board,mcq;combination
CR-T2-009,mcq,chemical-reactions-and-equations,combination-decomposition,Combination,The shiny finish on whitewashed walls after 2–3 days is due to the formation of:,2,application,1,0,45,CBSE/SEBA,,en,draft,AI-original (needs review),,B,Calcium carbonate,Ca(OH)₂ + CO₂ → CaCO₃ + H₂O.,,board,mcq;combination
CR-T2-010,mcq,chemical-reactions-and-equations,combination-decomposition,Thermal decomposition,"On heating 2 moles of lead nitrate, how many moles of gaseous products (NO₂ and O₂ together) are formed?",3,application,1,0,60,CBSE/SEBA,,en,draft,AI-original (needs review),,B,5,2Pb(NO₃)₂ → 2PbO + 4NO₂ + O₂ gives 4 + 1 = 5 moles of gas.,,board;NTSE;foundation,mcq;thermal decomposition
CR-T2-011,mcq,chemical-reactions-and-equations,combination-decomposition,Photolytic decomposition,Which of the following reactions is carried out using light energy?,2,recall,1,0,45,CBSE/SEBA,,en,draft,AI-original (needs review),,D,2AgBr → 2Ag + Br₂,"Silver halides decompose in sunlight, which is used in black-and-white photography.",,board,mcq;photolytic decomposition
CR-T2-012,assertion_reason,chemical-reactions-and-equations,combination-decomposition,Combination,"Assertion (A): Burning of magnesium ribbon in air is a combination reaction.
Reason (R): Magnesium combines with oxygen to form magnesium oxide.",1,recall,1,0,60,CBSE/SEBA,,en,draft,AI-original (needs review),,A,Both A and R are true and R is the correct explanation of A.,Two reactants form one product.,,board,assertion_reason;combination
CR-T2-013,assertion_reason,chemical-reactions-and-equations,combination-decomposition,Electrolytic decomposition,"Assertion (A): Electrolysis of water gives hydrogen and oxygen.
Reason (R): Hydrogen and oxygen combine to form water.",3,reasoning,1,0,75,CBSE/SEBA,,en,draft,AI-original (needs review),,B,Both A and R are true but R is not the correct explanation of A.,"Both are true, but R does not explain why water splits on electrolysis.",,board;NTSE;foundation,assertion_reason;electrolytic decomposition
CR-T2-014,assertion_reason,chemical-reactions-and-equations,combination-decomposition,Photolytic decomposition,"Assertion (A): Silver chloride is stored in dark-coloured bottles.
Reason (R): Silver chloride decomposes in the presence of sunlight.",2,application,1,0,60,CBSE/SEBA,,en,draft,AI-original (needs review),,A,Both A and R are true and R is the correct explanation of A.,Dark bottles block light and prevent decomposition.,,board,assertion_reason;photolytic decomposition
CR-T2-015,statement,chemical-reactions-and-equations,combination-decomposition,Combination,"Consider the statements:
I. In a combination reaction, two or more reactants form a single product.
II. In a decomposition reaction, a single reactant breaks down into two or more simpler products.",1,recall,1,0,50,CBSE/SEBA,,en,draft,AI-original (needs review),,C,Both I and II are correct,Both definitions are correct.,,board,statement;combination
CR-T2-016,statement,chemical-reactions-and-equations,combination-decomposition,Electrolytic decomposition,"Consider the statements:
I. Photolytic decomposition of silver chloride requires light.
II. Electrolytic decomposition of water is carried out by passing heat only.",2,application,1,0,50,CBSE/SEBA,,en,draft,AI-original (needs review),,A,Only I is correct,Electrolysis needs electric current.,,board,statement;electrolytic decomposition
CR-T2-017,match,chemical-reactions-and-equations,combination-decomposition,Combination,"Match the reaction with its type.
Column I:
1. CaO + H₂O → Ca(OH)₂
2. 2H₂O → 2H₂ + O₂ (electric current)
3. 2AgBr → 2Ag + Br₂ (sunlight)
4. CaCO₃ → CaO + CO₂ (heat)
Column II:
P. Electrolytic decomposition
Q. Combination
R. Photolytic decomposition
S. Thermal decomposition",2,application,1,0,75,CBSE/SEBA,,en,draft,AI-original (needs review),,B,"1-Q, 2-P, 3-R, 4-S",Match by the form of energy used.,,board,match;combination
CR-T2-018,case_based,chemical-reactions-and-equations,combination-decomposition,Thermal decomposition,This reaction is an example of:,1,recall,1,0,60,CBSE/SEBA,,en,draft,AI-original (needs review),CP-T2-01,A,Thermal decomposition,Heat breaks down a single compound.,,board,case_based;thermal decomposition
CR-T2-019,case_based,chemical-reactions-and-equations,combination-decomposition,Thermal decomposition,The gases responsible for the smell of burning sulphur are:,2,application,1,0,60,CBSE/SEBA,,en,draft,AI-original (needs review),CP-T2-01,A,SO₂ and SO₃,2FeSO₄ → Fe₂O₃ + SO₂ + SO₃.,,board,case_based;thermal decomposition
CR-T2-020,case_based,chemical-reactions-and-equations,combination-decomposition,Thermal decomposition,The solid residue left in the tube is:,2,application,1,0,60,CBSE/SEBA,,en,draft,AI-original (needs review),CP-T2-01,B,"Ferric oxide (Fe₂O₃), reddish-brown",Fe₂O₃ is the reddish-brown residue.,,board,case_based;thermal decomposition
CR-T2-021,fill_blank,chemical-reactions-and-equations,combination-decomposition,Photolytic decomposition,The decomposition of silver chloride in the presence of sunlight is called ____ decomposition.,1,recall,1,0,30,CBSE/SEBA,,en,draft,AI-original (needs review),,,photolytic,Light is the energy source.,,board,fill_blank;photolytic decomposition
CR-T2-022,fill_blank,chemical-reactions-and-equations,combination-decomposition,Combination,Quicklime is chemically known as ____.,1,recall,1,0,30,CBSE/SEBA,,en,draft,AI-original (needs review),,,calcium oxide|CaO,Formula CaO.,,board,fill_blank;combination
CR-T2-023,fill_blank,chemical-reactions-and-equations,combination-decomposition,Electrolytic decomposition,"In the electrolysis of water, the gas collected at the cathode is ____.",1,recall,1,0,30,CBSE/SEBA,,en,draft,AI-original (needs review),,,hydrogen|H₂,H₂ is released at the negative electrode.,,board,fill_blank;electrolytic decomposition
CR-T2-024,equation,chemical-reactions-and-equations,combination-decomposition,Thermal decomposition,"Write the balanced equation, with state symbols, for the thermal decomposition of calcium carbonate.",2,recall,2,0,90,CBSE/SEBA,,en,draft,AI-original (needs review),,,CaCO₃(s) → CaO(s) + CO₂(g),"1 mark balanced, 1 mark state symbols. Heat above the arrow.",,board,equation;thermal decomposition
CR-T2-025,equation,chemical-reactions-and-equations,combination-decomposition,Thermal decomposition,Write the balanced equation for the decomposition of ferrous sulphate on heating.,2,application,2,0,90,CBSE/SEBA,,en,draft,AI-original (needs review),,,2FeSO₄(s) → Fe₂O₃(s) + SO₂(g) + SO₃(g),Coefficient 2 on FeSO₄ is required.,,board,equation;thermal decomposition
CR-T2-026,equation,chemical-reactions-and-equations,combination-decomposition,Combination,Write the balanced equation for the reaction of quicklime with water and state whether heat is released or absorbed.,2,application,2,0,90,CBSE/SEBA,,en,draft,AI-original (needs review),,,CaO(s) + H₂O(l) → Ca(OH)₂(aq) + heat. Heat is released (exothermic).,"1 mark equation, 1 mark heat released.",,board,equation;combination
CR-T2-027,short,chemical-reactions-and-equations,combination-decomposition,Combination,Why are decomposition reactions called the opposite of combination reactions? Give one equation each.,2,recall,2,0,120,CBSE/SEBA,,en,draft,AI-original (needs review),,,"In combination, two or more substances form one; in decomposition, one substance breaks into two or more (1). Example: CaO + H₂O → Ca(OH)₂ and CaCO₃ → CaO + CO₂ (1).",,,board,short;combination
CR-T2-028,short,chemical-reactions-and-equations,combination-decomposition,Photolytic decomposition,Why is silver chloride stored in dark-coloured bottles? Write the equation.,2,application,2,0,120,CBSE/SEBA,,en,draft,AI-original (needs review),,,Silver chloride decomposes in sunlight (1). 2AgCl → 2Ag + Cl₂ (1). Dark bottles block light.,,,board,short;photolytic decomposition
CR-T2-029,long,chemical-reactions-and-equations,combination-decomposition,Thermal decomposition,"Explain thermal, electrolytic and photolytic decomposition with one balanced equation each, and mention one observation or use for each.",3,application,5,0,315,CBSE/SEBA,,en,draft,AI-original (needs review),,,"Thermal: CaCO₃ → CaO + CO₂ (heat). Electrolytic: 2H₂O → 2H₂ + O₂ (electric current, 2:1 volume ratio). Photolytic: 2AgCl → 2Ag + Cl₂ (sunlight, white to grey, used in photography). 1 mark for each type with equation, 1 mark for the observations or uses.",,,board;NTSE;foundation,long;thermal decomposition
CR-T3-001,mcq,chemical-reactions-and-equations,displacement-double-displacement,Displacement,"When an iron nail is dipped in copper sulphate solution, the blue colour of the solution changes to:",1,recall,1,0,45,CBSE/SEBA,,en,draft,AI-original (needs review),,A,Light green,"Ferrous sulphate is formed, which is light green.",,board,mcq;displacement
CR-T3-002,mcq,chemical-reactions-and-equations,displacement-double-displacement,Displacement,The reddish-brown deposit on an iron nail dipped in copper sulphate solution is:,1,recall,1,0,45,CBSE/SEBA,,en,draft,AI-original (needs review),,D,Copper,Iron displaces copper from its salt solution.,,board,mcq;displacement
CR-T3-003,mcq,chemical-reactions-and-equations,displacement-double-displacement,Displacement,Fe + CuSO₄ → FeSO₄ + Cu is an example of a:,1,recall,1,0,45,CBSE/SEBA,,en,draft,AI-original (needs review),,C,Displacement reaction,A more reactive element replaces a less reactive one.,,board,mcq;displacement
CR-T3-004,mcq,chemical-reactions-and-equations,displacement-double-displacement,Precipitation,Silver nitrate reacts with sodium chloride to form a white curdy precipitate of:,1,recall,1,0,45,CBSE/SEBA,,en,draft,AI-original (needs review),,C,Silver chloride,AgNO₃ + NaCl → AgCl + NaNO₃.,,board,mcq;precipitation
CR-T3-005,mcq,chemical-reactions-and-equations,displacement-double-displacement,Displacement,Which of the following metals will NOT displace copper from copper sulphate solution?,2,application,1,0,45,CBSE/SEBA,,en,draft,AI-original (needs review),,B,Silver,Silver is less reactive than copper.,,board,mcq;displacement
CR-T3-006,mcq,chemical-reactions-and-equations,displacement-double-displacement,Double displacement,Which of the following is a double displacement reaction?,2,application,1,0,45,CBSE/SEBA,,en,draft,AI-original (needs review),,A,AgNO₃ + NaCl → AgCl + NaNO₃,Ions are exchanged between two compounds.,,board,mcq;double displacement
CR-T3-007,mcq,chemical-reactions-and-equations,displacement-double-displacement,Precipitation,The yellow precipitate formed on mixing lead nitrate and potassium iodide solutions is:,1,recall,1,0,45,CBSE/SEBA,,en,draft,AI-original (needs review),,B,Lead iodide,Pb(NO₃)₂ + 2KI → PbI₂ + 2KNO₃.,,board,mcq;precipitation
CR-T3-008,mcq,chemical-reactions-and-equations,displacement-double-displacement,Neutralisation,HCl + NaOH → NaCl + H₂O is best classified as:,2,application,1,0,45,CBSE/SEBA,,en,draft,AI-original (needs review),,D,Neutralisation (a double displacement reaction),An acid and a base give salt and water by exchange of ions.,,board,mcq;neutralisation
CR-T3-009,mcq,chemical-reactions-and-equations,displacement-double-displacement,Displacement,Which of the following pairs will react?,2,application,1,0,45,CBSE/SEBA,,en,draft,AI-original (needs review),,D,Zn + CuSO₄,Zinc is more reactive than copper. The other pairs have a less reactive metal with a more reactive metal's salt.,,board,mcq;displacement
CR-T3-010,mcq,chemical-reactions-and-equations,displacement-double-displacement,Double displacement,"In the balanced equation BaCl₂ + Al₂(SO₄)₃ → BaSO₄ + AlCl₃, the coefficient of AlCl₃ is:",3,application,1,0,60,CBSE/SEBA,,en,draft,AI-original (needs review),,C,2,3BaCl₂ + Al₂(SO₄)₃ → 3BaSO₄ + 2AlCl₃.,,board;NTSE;foundation,mcq;double displacement
CR-T3-011,mcq,chemical-reactions-and-equations,displacement-double-displacement,Displacement,"When zinc granules are added to blue copper sulphate solution, the blue colour fades because:",3,reasoning,1,0,60,CBSE/SEBA,,en,draft,AI-original (needs review),,A,Cu²⁺ ions are converted into copper metal,"Zn displaces Cu, so blue Cu²⁺ ions decrease and colourless Zn²⁺ ions form.",,board;NTSE;foundation,mcq;displacement
CR-T3-012,assertion_reason,chemical-reactions-and-equations,displacement-double-displacement,Displacement,"Assertion (A): An iron nail dipped in copper sulphate solution gets a brownish coating.
Reason (R): Iron is more reactive than copper and displaces it from its salt solution.",1,recall,1,0,60,CBSE/SEBA,,en,draft,AI-original (needs review),,A,Both A and R are true and R is the correct explanation of A.,R explains A.,,board,assertion_reason;displacement
CR-T3-013,assertion_reason,chemical-reactions-and-equations,displacement-double-displacement,Double displacement,"Assertion (A): The reaction between BaCl₂ and Na₂SO₄ is a double displacement reaction.
Reason (R): Ions are exchanged between the two reactants.",3,reasoning,1,0,75,CBSE/SEBA,,en,draft,AI-original (needs review),,A,Both A and R are true and R is the correct explanation of A.,Ba²⁺ and Na⁺ swap partners.,,board;NTSE;foundation,assertion_reason;double displacement
CR-T3-014,assertion_reason,chemical-reactions-and-equations,displacement-double-displacement,Displacement,"Assertion (A): Silver metal displaces copper from copper sulphate solution.
Reason (R): Silver is less reactive than copper.",3,reasoning,1,0,75,CBSE/SEBA,,en,draft,AI-original (needs review),,D,A is false but R is true.,A is false because silver is less reactive. R is true.,,board;NTSE;foundation,assertion_reason;displacement
CR-T3-015,statement,chemical-reactions-and-equations,displacement-double-displacement,Displacement,"Consider the statements:
I. In a displacement reaction, a more reactive element displaces a less reactive element from its compound.
II. In a double displacement reaction, ions are exchanged between two compounds.",1,recall,1,0,50,CBSE/SEBA,,en,draft,AI-original (needs review),,C,Both I and II are correct,Both are correct.,,board,statement;displacement
CR-T3-016,statement,chemical-reactions-and-equations,displacement-double-displacement,Precipitation,"Consider the statements:
I. All double displacement reactions form a precipitate.
II. Neutralisation is a type of double displacement reaction.",2,application,1,0,50,CBSE/SEBA,,en,draft,AI-original (needs review),,B,Only II is correct,"Neutralisation forms salt and water, not a precipitate.",Assuming all double displacement reactions form precipitates.,board,statement;precipitation
CR-T3-017,match,chemical-reactions-and-equations,displacement-double-displacement,Precipitation,"Match the reactants with the observation.
Column I:
1. Fe + CuSO₄ solution
2. BaCl₂ + Na₂SO₄ solutions
3. Pb(NO₃)₂ + KI solutions
4. Zn + dilute H₂SO₄
Column II:
P. Yellow precipitate
Q. Bubbles of gas
R. White precipitate
S. Blue solution turns light green",2,application,1,0,75,CBSE/SEBA,,en,draft,AI-original (needs review),,C,"1-S, 2-R, 3-P, 4-Q",Match each with its observed change.,,board,match;precipitation
CR-T3-018,case_based,chemical-reactions-and-equations,displacement-double-displacement,Double displacement,This reaction is a:,1,recall,1,0,60,CBSE/SEBA,,en,draft,AI-original (needs review),CP-T3-01,B,Double displacement (precipitation) reaction,Ions are exchanged and a solid forms.,,board,case_based;double displacement
CR-T3-019,case_based,chemical-reactions-and-equations,displacement-double-displacement,Double displacement,The white insoluble substance is:,1,recall,1,0,60,CBSE/SEBA,,en,draft,AI-original (needs review),CP-T3-01,B,Barium sulphate,BaSO₄ is insoluble.,,board,case_based;double displacement
CR-T3-020,case_based,chemical-reactions-and-equations,displacement-double-displacement,Double displacement,The other product of the reaction is:,2,application,1,0,60,CBSE/SEBA,,en,draft,AI-original (needs review),CP-T3-01,C,Sodium chloride,BaCl₂ + Na₂SO₄ → BaSO₄ + 2NaCl.,,board,case_based;double displacement
CR-T3-021,fill_blank,chemical-reactions-and-equations,displacement-double-displacement,Precipitation,A reaction in which an insoluble solid is formed is called a ____ reaction.,1,recall,1,0,30,CBSE/SEBA,,en,draft,AI-original (needs review),,,precipitation,The solid is a precipitate.,,board,fill_blank;precipitation
CR-T3-022,fill_blank,chemical-reactions-and-equations,displacement-double-displacement,Displacement,"In Zn + CuSO₄ → ZnSO₄ + Cu, the more reactive metal is ____.",1,recall,1,0,30,CBSE/SEBA,,en,draft,AI-original (needs review),,,zinc|Zn,Zinc displaces copper.,,board,fill_blank;displacement
CR-T3-023,fill_blank,chemical-reactions-and-equations,displacement-double-displacement,Precipitation,The yellow precipitate formed on mixing Pb(NO₃)₂ and KI solutions is ____.,1,recall,1,0,30,CBSE/SEBA,,en,draft,AI-original (needs review),,,lead iodide|PbI₂,Lead iodide is yellow.,,board,fill_blank;precipitation
CR-T3-024,equation,chemical-reactions-and-equations,displacement-double-displacement,Precipitation,"Write the balanced equation, with state symbols, for the reaction of barium chloride solution with sodium sulphate solution.",2,application,2,0,90,CBSE/SEBA,,en,draft,AI-original (needs review),,,BaCl₂(aq) + Na₂SO₄(aq) → BaSO₄(s) + 2NaCl(aq),"1 mark balanced, 1 mark state symbols.",,board,equation;precipitation
CR-T3-025,equation,chemical-reactions-and-equations,displacement-double-displacement,Displacement,"Write the balanced equation, with state symbols, for iron reacting with copper sulphate solution.",2,application,2,0,90,CBSE/SEBA,,en,draft,AI-original (needs review),,,Fe(s) + CuSO₄(aq) → FeSO₄(aq) + Cu(s),Already balanced. Watch state symbols.,,board,equation;displacement
CR-T3-026,equation,chemical-reactions-and-equations,displacement-double-displacement,Precipitation,"Write the balanced equation, with state symbols, for lead nitrate solution reacting with potassium iodide solution.",2,application,2,0,90,CBSE/SEBA,,en,draft,AI-original (needs review),,,Pb(NO₃)₂(aq) + 2KI(aq) → PbI₂(s) + 2KNO₃(aq),Coefficient 2 on KI and KNO₃.,,board,equation;precipitation
CR-T3-027,short,chemical-reactions-and-equations,displacement-double-displacement,Double displacement,Differentiate between displacement and double displacement reactions with one example each.,2,recall,2,0,120,CBSE/SEBA,,en,draft,AI-original (needs review),,,"Displacement: a more reactive element displaces a less reactive one, Fe + CuSO₄ → FeSO₄ + Cu (1). Double displacement: two compounds exchange ions, BaCl₂ + Na₂SO₄ → BaSO₄ + 2NaCl (1).",,,board,short;double displacement
CR-T3-028,short,chemical-reactions-and-equations,displacement-double-displacement,Displacement,What is observed when an iron nail is kept in copper sulphate solution for about 20 minutes? Write the equation.,2,application,2,0,120,CBSE/SEBA,,en,draft,AI-original (needs review),,,The blue colour fades to light green (0.5) and a reddish-brown coating of copper forms on the nail (0.5). Fe + CuSO₄ → FeSO₄ + Cu (1).,,,board,short;displacement
CR-T3-029,long,chemical-reactions-and-equations,displacement-double-displacement,Precipitation,"What is a precipitation reaction? Explain with an example, and show how neutralisation is a double displacement reaction.",3,reasoning,5,0,315,CBSE/SEBA,,en,draft,AI-original (needs review),,,"Precipitation: an insoluble solid forms when solutions are mixed (1). Example: BaCl₂ + Na₂SO₄ → BaSO₄↓ + 2NaCl, white precipitate (2). Neutralisation: HCl + NaOH → NaCl + H₂O, ions exchange to give salt and water, so it is double displacement (2).",,,board;NTSE;foundation,long;precipitation
CR-T4-001,mcq,chemical-reactions-and-equations,oxidation-reduction,Oxidation and reduction,Oxidation involves:,1,recall,1,0,45,CBSE/SEBA,,en,draft,AI-original (needs review),,C,Gain of oxygen or loss of hydrogen,Oxidation is gain of oxygen or loss of hydrogen. Reduction is the opposite.,Mixing up oxidation and reduction.,board,mcq;oxidation and reduction
CR-T4-002,mcq,chemical-reactions-and-equations,oxidation-reduction,Oxidising and reducing agents,"In CuO + H₂ → Cu + H₂O, the reducing agent is:",1,recall,1,0,45,CBSE/SEBA,,en,draft,AI-original (needs review),,B,H₂,H₂ removes oxygen from CuO and gets oxidised.,,board,mcq;oxidising and reducing agents
CR-T4-003,mcq,chemical-reactions-and-equations,oxidation-reduction,Oxidation and reduction,"In 2Cu + O₂ → 2CuO, the substance oxidised is:",1,recall,1,0,45,CBSE/SEBA,,en,draft,AI-original (needs review),,B,Cu,Copper gains oxygen.,,board,mcq;oxidation and reduction
CR-T4-004,mcq,chemical-reactions-and-equations,oxidation-reduction,Redox in activities,"When copper powder is heated in air, its surface turns:",1,recall,1,0,45,CBSE/SEBA,,en,draft,AI-original (needs review),,D,Black,Black CuO forms.,,board,mcq;redox in activities
CR-T4-005,mcq,chemical-reactions-and-equations,oxidation-reduction,Redox identification,Which of the following is a redox reaction?,2,application,1,0,45,CBSE/SEBA,,en,draft,AI-original (needs review),,D,ZnO + C → Zn + CO,ZnO loses oxygen while C gains oxygen. The others involve no oxygen transfer.,,board,mcq;redox identification
CR-T4-006,mcq,chemical-reactions-and-equations,oxidation-reduction,Redox identification,"In ZnO + C → Zn + CO, the substance oxidised is:",2,application,1,0,45,CBSE/SEBA,,en,draft,AI-original (needs review),,D,C,Carbon gains oxygen.,,board,mcq;redox identification
CR-T4-007,mcq,chemical-reactions-and-equations,oxidation-reduction,Oxidising and reducing agents,"In MnO₂ + 4HCl → MnCl₂ + 2H₂O + Cl₂, the oxidising agent is:",3,application,1,0,60,CBSE/SEBA,,en,draft,AI-original (needs review),,A,MnO₂,"MnO₂ loses oxygen and is reduced, so it is the oxidising agent.",,board;NTSE;foundation,mcq;oxidising and reducing agents
CR-T4-008,mcq,chemical-reactions-and-equations,oxidation-reduction,Oxidation and reduction,Oxidation and reduction reactions occur:,1,recall,1,0,45,CBSE/SEBA,,en,draft,AI-original (needs review),,B,Simultaneously,What is oxidised and what is reduced always go together.,,board,mcq;oxidation and reduction
CR-T4-009,mcq,chemical-reactions-and-equations,oxidation-reduction,Redox in activities,Black CuO on a hot copper plate turns brown when hydrogen is passed over it because CuO is:,2,application,1,0,45,CBSE/SEBA,,en,draft,AI-original (needs review),,B,Reduced to copper,CuO loses oxygen to hydrogen and copper forms.,,board,mcq;redox in activities
CR-T4-010,mcq,chemical-reactions-and-equations,oxidation-reduction,Redox identification,"In Fe₂O₃ + 2Al → Al₂O₃ + 2Fe, the substance reduced is:",3,application,1,0,60,CBSE/SEBA,,en,draft,AI-original (needs review),,B,Fe₂O₃,Fe₂O₃ loses oxygen to aluminium.,,board;NTSE;foundation,mcq;redox identification
CR-T4-011,mcq,chemical-reactions-and-equations,oxidation-reduction,Oxidising and reducing agents,"In 3Fe + 4H₂O → Fe₃O₄ + 4H₂, water acts as:",3,reasoning,1,0,60,CBSE/SEBA,,en,draft,AI-original (needs review),,A,An oxidising agent,"Fe gains oxygen from water, so water is reduced and acts as the oxidising agent.",,board;NTSE;foundation,mcq;oxidising and reducing agents
CR-T4-012,assertion_reason,chemical-reactions-and-equations,oxidation-reduction,Oxidation and reduction,"Assertion (A): Oxidation and reduction always occur together.
Reason (R): Oxygen lost by one substance is gained by another.",1,recall,1,0,60,CBSE/SEBA,,en,draft,AI-original (needs review),,A,Both A and R are true and R is the correct explanation of A.,R explains why the two processes are coupled.,,board,assertion_reason;oxidation and reduction
CR-T4-013,assertion_reason,chemical-reactions-and-equations,oxidation-reduction,Oxidation and reduction,"Assertion (A): Burning of magnesium in air is an oxidation reaction.
Reason (R): Magnesium oxide is a white powder.",2,application,1,0,60,CBSE/SEBA,,en,draft,AI-original (needs review),,B,Both A and R are true but R is not the correct explanation of A.,R is true but does not explain A.,,board,assertion_reason;oxidation and reduction
CR-T4-014,assertion_reason,chemical-reactions-and-equations,oxidation-reduction,Oxidising and reducing agents,"Assertion (A): Hydrogen is the oxidising agent in CuO + H₂ → Cu + H₂O.
Reason (R): Hydrogen gains oxygen to form water.",3,reasoning,1,0,75,CBSE/SEBA,,en,draft,AI-original (needs review),,D,A is false but R is true.,"Hydrogen is oxidised, so it is the reducing agent. A is false.",,board;NTSE;foundation,assertion_reason;oxidising and reducing agents
CR-T4-015,statement,chemical-reactions-and-equations,oxidation-reduction,Oxidising and reducing agents,"Consider the statements:
I. A substance that gets oxidised acts as a reducing agent.
II. A substance that gets reduced acts as an oxidising agent.",1,recall,1,0,50,CBSE/SEBA,,en,draft,AI-original (needs review),,C,Both I and II are correct,Both are correct.,,board,statement;oxidising and reducing agents
CR-T4-016,statement,chemical-reactions-and-equations,oxidation-reduction,Oxidation and reduction,"Consider the statements:
I. Reduction is the gain of oxygen.
II. Oxidation is the loss of hydrogen.",2,recall,1,0,50,CBSE/SEBA,,en,draft,AI-original (needs review),,B,Only II is correct,Reduction is loss of oxygen or gain of hydrogen.,Reversing oxidation and reduction.,board,statement;oxidation and reduction
CR-T4-017,match,chemical-reactions-and-equations,oxidation-reduction,Oxidation and reduction,"Match the term with its meaning.
Column I:
1. Oxidation
2. Reduction
3. Oxidising agent
4. Reducing agent
Column II:
P. Loss of oxygen or gain of hydrogen
Q. Gain of oxygen or loss of hydrogen
R. Substance that gets reduced
S. Substance that gets oxidised",2,recall,1,0,75,CBSE/SEBA,,en,draft,AI-original (needs review),,B,"1-Q, 2-P, 3-R, 4-S",The agent is the substance that causes the change in the other.,,board,match;oxidation and reduction
CR-T4-018,case_based,chemical-reactions-and-equations,oxidation-reduction,Redox in activities,The black substance formed on heating copper is:,1,recall,1,0,60,CBSE/SEBA,,en,draft,AI-original (needs review),CP-T4-01,D,Copper(II) oxide,2Cu + O₂ → 2CuO.,,board,case_based;redox in activities
CR-T4-019,case_based,chemical-reactions-and-equations,oxidation-reduction,Redox in activities,Heating copper in air is an example of:,2,application,1,0,60,CBSE/SEBA,,en,draft,AI-original (needs review),CP-T4-01,D,Oxidation,Copper gains oxygen.,,board,case_based;redox in activities
CR-T4-020,case_based,chemical-reactions-and-equations,oxidation-reduction,Redox in activities,"In the second step, hydrogen acts as:",2,application,1,0,60,CBSE/SEBA,,en,draft,AI-original (needs review),CP-T4-01,D,A reducing agent,Hydrogen removes oxygen from CuO.,,board,case_based;redox in activities
CR-T4-021,fill_blank,chemical-reactions-and-equations,oxidation-reduction,Oxidising and reducing agents,A substance that gets reduced in a reaction is called an ____ agent.,1,recall,1,0,30,CBSE/SEBA,,en,draft,AI-original (needs review),,,oxidising,Oxidising agent.,,board,fill_blank;oxidising and reducing agents
CR-T4-022,fill_blank,chemical-reactions-and-equations,oxidation-reduction,Oxidation and reduction,Addition of hydrogen to a substance is called ____.,1,recall,1,0,30,CBSE/SEBA,,en,draft,AI-original (needs review),,,reduction,Reduction.,,board,fill_blank;oxidation and reduction
CR-T4-023,fill_blank,chemical-reactions-and-equations,oxidation-reduction,Redox in activities,The compound formed when copper is heated in air is ____.,1,recall,1,0,30,CBSE/SEBA,,en,draft,AI-original (needs review),,,copper(II) oxide|CuO|copper oxide,CuO is black.,,board,fill_blank;redox in activities
CR-T4-024,equation,chemical-reactions-and-equations,oxidation-reduction,Redox in activities,Write the balanced equation for the heating of copper in air.,2,recall,2,0,90,CBSE/SEBA,,en,draft,AI-original (needs review),,,2Cu + O₂ → 2CuO,"Coefficients 2, 1, 2.",,board,equation;redox in activities
CR-T4-025,equation,chemical-reactions-and-equations,oxidation-reduction,Redox identification,"Write the balanced equation, with state symbols, for the reaction of iron(III) oxide with aluminium.",2,application,2,0,90,CBSE/SEBA,,en,draft,AI-original (needs review),,,Fe₂O₃(s) + 2Al(s) → Al₂O₃(s) + 2Fe(l),"1 mark balanced, 1 mark state symbols.",,board,equation;redox identification
CR-T4-026,equation,chemical-reactions-and-equations,oxidation-reduction,Redox identification,"Write the balanced equation, with state symbols, for the reaction of zinc oxide with carbon.",2,application,2,0,90,CBSE/SEBA,,en,draft,AI-original (needs review),,,ZnO(s) + C(s) → Zn(s) + CO(g),Already balanced.,,board,equation;redox identification
CR-T4-027,short,chemical-reactions-and-equations,oxidation-reduction,Redox identification,What is a redox reaction? Give one example.,2,recall,2,0,120,CBSE/SEBA,,en,draft,AI-original (needs review),,,A reaction in which oxidation and reduction occur together (1). Example: CuO + H₂ → Cu + H₂O (1).,,,board,short;redox identification
CR-T4-028,short,chemical-reactions-and-equations,oxidation-reduction,Redox identification,"For ZnO + C → Zn + CO, identify the substance oxidised, the substance reduced, the oxidising agent and the reducing agent.",2,application,2,0,120,CBSE/SEBA,,en,draft,AI-original (needs review),,,Oxidised: C (0.5). Reduced: ZnO (0.5). Oxidising agent: ZnO (0.5). Reducing agent: C (0.5).,,,board,short;redox identification
CR-T4-029,long,chemical-reactions-and-equations,oxidation-reduction,Redox in activities,"Describe the activity that shows oxidation and reduction using copper, oxygen and hydrogen. Give observations, equations, and identify the substances oxidised and reduced.",3,application,5,0,315,CBSE/SEBA,,en,draft,AI-original (needs review),,,"Heat copper powder: black CuO forms, 2Cu + O₂ → 2CuO, copper is oxidised (2). Pass H₂ over hot CuO: turns brown, CuO + H₂ → Cu + H₂O, CuO is reduced and H₂ is oxidised (2). Conclusion: oxidation and reduction occur together, redox (1).",,,board;NTSE;foundation,long;redox in activities
CR-T5-001,mcq,chemical-reactions-and-equations,corrosion,Rusting,Rust is chemically:,1,recall,1,0,45,CBSE/SEBA,,en,draft,AI-original (needs review),,B,Hydrated iron(III) oxide,Rust is Fe₂O₃·xH₂O.,,board,mcq;rusting
CR-T5-002,mcq,chemical-reactions-and-equations,corrosion,Rusting,Rusting of iron requires:,1,recall,1,0,45,CBSE/SEBA,,en,draft,AI-original (needs review),,B,Both air and moisture,Both oxygen and water must be present.,Thinking oxygen alone is enough.,board,mcq;rusting
CR-T5-003,mcq,chemical-reactions-and-equations,corrosion,Corrosion of other metals,The black coating formed on silver articles is:,1,recall,1,0,45,CBSE/SEBA,,en,draft,AI-original (needs review),,B,Silver sulphide,Silver reacts with sulphur compounds in air.,,board,mcq;corrosion of other metals
CR-T5-004,mcq,chemical-reactions-and-equations,corrosion,Corrosion of other metals,The green coating formed on copper vessels is of:,1,recall,1,0,45,CBSE/SEBA,,en,draft,AI-original (needs review),,C,Basic copper carbonate,Copper reacts with moist CO₂ in air.,,board,mcq;corrosion of other metals
CR-T5-005,mcq,chemical-reactions-and-equations,corrosion,Prevention methods,Galvanisation is the process of coating iron with:,1,recall,1,0,45,CBSE/SEBA,,en,draft,AI-original (needs review),,A,Zinc,A zinc layer protects iron.,,board,mcq;prevention methods
CR-T5-006,mcq,chemical-reactions-and-equations,corrosion,Prevention methods,Which of the following does NOT help in preventing rusting?,2,application,1,0,45,CBSE/SEBA,,en,draft,AI-original (needs review),,C,Dipping iron articles in salt solution,Salt speeds up rusting.,,board,mcq;prevention methods
CR-T5-007,mcq,chemical-reactions-and-equations,corrosion,Rusting,An iron nail will rust fastest in:,2,application,1,0,45,CBSE/SEBA,,en,draft,AI-original (needs review),,C,Tap water exposed to air,Air and moisture are both present. The other set-ups lack one of them.,,board,mcq;rusting
CR-T5-008,mcq,chemical-reactions-and-equations,corrosion,Prevention methods,Stainless steel is an alloy of iron with:,2,recall,1,0,45,CBSE/SEBA,,en,draft,AI-original (needs review),,A,Chromium and nickel,Chromium and nickel make it resistant to corrosion.,,board,mcq;prevention methods
CR-T5-009,mcq,chemical-reactions-and-equations,corrosion,Corrosion of other metals,Silver articles turn black in air because silver reacts with:,2,application,1,0,45,CBSE/SEBA,,en,draft,AI-original (needs review),,A,Sulphur compounds in air,Ag₂S forms.,,board,mcq;corrosion of other metals
CR-T5-010,mcq,chemical-reactions-and-equations,corrosion,Prevention methods,Painting an iron gate prevents rusting because paint:,2,application,1,0,45,CBSE/SEBA,,en,draft,AI-original (needs review),,C,Stops contact of iron with air and moisture,Paint acts as a barrier.,,board,mcq;prevention methods
CR-T5-011,mcq,chemical-reactions-and-equations,corrosion,Prevention methods,A galvanised iron sheet remains protected even when scratched because zinc:,3,reasoning,1,0,60,CBSE/SEBA,,en,draft,AI-original (needs review),,B,Is more reactive than iron and corrodes first,Zinc acts as a sacrificial coating.,,board;NTSE;foundation,mcq;prevention methods
CR-T5-012,mcq,chemical-reactions-and-equations,corrosion,Rusting,"When an iron nail rusts completely, its mass:",3,reasoning,1,0,60,CBSE/SEBA,,en,draft,AI-original (needs review),,C,Increases,Oxygen and water are added to the iron.,Assuming rusting reduces the mass.,board;NTSE;foundation,mcq;rusting
CR-T5-013,assertion_reason,chemical-reactions-and-equations,corrosion,Rusting,"Assertion (A): Rusting of iron is a chemical change.
Reason (R): A new substance with different properties is formed.",1,recall,1,0,60,CBSE/SEBA,,en,draft,AI-original (needs review),,A,Both A and R are true and R is the correct explanation of A.,Formation of a new substance defines a chemical change.,,board,assertion_reason;rusting
CR-T5-014,assertion_reason,chemical-reactions-and-equations,corrosion,Corrosion of other metals,"Assertion (A): Silver articles turn black when kept in air for a long time.
Reason (R): Silver reacts with oxygen to form silver oxide.",3,reasoning,1,0,75,CBSE/SEBA,,en,draft,AI-original (needs review),,C,A is true but R is false.,"The black coating is silver sulphide, so R is false.",,board;NTSE;foundation,assertion_reason;corrosion of other metals
CR-T5-015,assertion_reason,chemical-reactions-and-equations,corrosion,Rusting,"Assertion (A): Corrosion of iron requires only oxygen.
Reason (R): Both air and moisture are necessary for rusting of iron.",3,reasoning,1,0,75,CBSE/SEBA,,en,draft,AI-original (needs review),,D,A is false but R is true.,"Moisture is also required, so A is false.",,board;NTSE;foundation,assertion_reason;rusting
CR-T5-016,statement,chemical-reactions-and-equations,corrosion,Rusting,"Consider the statements:
I. Rusting requires air and moisture.
II. Corrosion is a physical change.",1,recall,1,0,50,CBSE/SEBA,,en,draft,AI-original (needs review),,A,Only I is correct,Corrosion is a chemical change.,,board,statement;rusting
CR-T5-017,statement,chemical-reactions-and-equations,corrosion,Prevention methods,"Consider the statements:
I. Stainless steel is an alloy.
II. Alloying can prevent corrosion.",1,recall,1,0,50,CBSE/SEBA,,en,draft,AI-original (needs review),,C,Both I and II are correct,Both are correct.,,board,statement;prevention methods
CR-T5-018,match,chemical-reactions-and-equations,corrosion,Corrosion of other metals,"Match the metal with its corrosion effect.
Column I:
1. Iron
2. Silver
3. Copper
4. Aluminium
Column II:
P. Black coating of silver sulphide
Q. Brown hydrated iron oxide (rust)
R. Green coating of basic copper carbonate
S. Thin protective oxide layer",2,application,1,0,75,CBSE/SEBA,,en,draft,AI-original (needs review),,C,"1-Q, 2-P, 3-R, 4-S",Each metal has a typical corrosion product.,,board,match;corrosion of other metals
CR-T5-019,case_based,chemical-reactions-and-equations,corrosion,Experiments,In which test tube does the nail rust?,1,application,1,0,60,CBSE/SEBA,,en,draft,AI-original (needs review),CP-T5-01,A,Tube A,Only A has both air and water.,,board,case_based;experiments
CR-T5-020,case_based,chemical-reactions-and-equations,corrosion,Experiments,The layer of oil in Tube B is used to:,2,application,1,0,60,CBSE/SEBA,,en,draft,AI-original (needs review),CP-T5-01,B,Prevent air (oxygen) from dissolving in the water,"Boiling removes dissolved air, and oil stops it re-entering.",,board,case_based;experiments
CR-T5-021,case_based,chemical-reactions-and-equations,corrosion,Experiments,Anhydrous calcium chloride in Tube C:,2,application,1,0,60,CBSE/SEBA,,en,draft,AI-original (needs review),CP-T5-01,D,Absorbs moisture from the air,It keeps the air dry.,,board,case_based;experiments
CR-T5-022,fill_blank,chemical-reactions-and-equations,corrosion,Prevention methods,Coating iron with a thin layer of zinc is called ____.,1,recall,1,0,30,CBSE/SEBA,,en,draft,AI-original (needs review),,,galvanisation|galvanising,Zinc coating.,,board,fill_blank;prevention methods
CR-T5-023,fill_blank,chemical-reactions-and-equations,corrosion,Corrosion of other metals,The black coating formed on silver articles is ____.,1,recall,1,0,30,CBSE/SEBA,,en,draft,AI-original (needs review),,,silver sulphide|Ag₂S,Ag₂S.,,board,fill_blank;corrosion of other metals
CR-T5-024,fill_blank,chemical-reactions-and-equations,corrosion,Rusting,Rusting of iron needs both ____ and moisture.,1,recall,1,0,30,CBSE/SEBA,,en,draft,AI-original (needs review),,,air|oxygen,Air and moisture.,,board,fill_blank;rusting
CR-T5-025,equation,chemical-reactions-and-equations,corrosion,Rusting,Write the word equation for the formation of rust.,2,recall,2,0,90,CBSE/SEBA,,en,draft,AI-original (needs review),,,Iron + oxygen + water → hydrated iron(III) oxide (rust),Accept the formula Fe₂O₃·xH₂O.,,board,equation;rusting
CR-T5-026,equation,chemical-reactions-and-equations,corrosion,Rusting,Write the balanced equation for the reaction of iron with oxygen to form iron(III) oxide.,2,application,2,0,90,CBSE/SEBA,,en,draft,AI-original (needs review),,,4Fe + 3O₂ → 2Fe₂O₃,"Coefficients 4, 3, 2.",,board,equation;rusting
CR-T5-027,equation,chemical-reactions-and-equations,corrosion,Corrosion of other metals,Write the balanced equation for the reaction of aluminium with oxygen to form its protective oxide layer.,2,application,2,0,90,CBSE/SEBA,,en,draft,AI-original (needs review),,,4Al + 3O₂ → 2Al₂O₃,"Coefficients 4, 3, 2.",,board,equation;corrosion of other metals
CR-T5-028,short,chemical-reactions-and-equations,corrosion,Rusting,Define corrosion. Give two examples.,2,recall,2,0,120,CBSE/SEBA,,en,draft,AI-original (needs review),,,"Corrosion is the slow eating away of metals by air, moisture or chemicals (1). Examples: rusting of iron, black coating on silver, green coating on copper (1).",,,board,short;rusting
CR-T5-029,short,chemical-reactions-and-equations,corrosion,Prevention methods,Mention three methods of preventing the rusting of iron.,2,recall,3,0,120,CBSE/SEBA,,en,draft,AI-original (needs review),,,"Any three: painting, oiling or greasing, galvanisation, alloying (for example stainless steel), electroplating (1 mark each).",,,board,short;prevention methods
CR-T5-030,long,chemical-reactions-and-equations,corrosion,Experiments,Describe an experiment to show that both air and water are necessary for the rusting of iron.,3,application,5,0,315,CBSE/SEBA,,en,draft,AI-original (needs review),,,"Three tubes with iron nails: A (tap water, open air, nail rusts), B (boiled water with oil layer, no air, no rust), C (anhydrous CaCl₂, dry air, no rust) (3). Observation after several days, conclusion: both air and moisture are necessary (2).",,,board;NTSE;foundation,long;experiments
CR-T6-001,mcq,chemical-reactions-and-equations,rancidity,Meaning and cause,Rancidity is caused by:,1,recall,1,0,45,CBSE/SEBA,,en,draft,AI-original (needs review),,B,Oxidation of fats and oils,Fats and oils react with oxygen.,,board,mcq;meaning and cause
CR-T6-002,mcq,chemical-reactions-and-equations,rancidity,Prevention,Chips manufacturers flush packets with nitrogen to:,1,recall,1,0,45,CBSE/SEBA,,en,draft,AI-original (needs review),,D,Prevent oxidation of fats and oils,Nitrogen displaces oxygen from the pack.,,board,mcq;prevention
CR-T6-003,mcq,chemical-reactions-and-equations,rancidity,Prevention,Substances added to fat-containing foods to slow down oxidation are called:,1,recall,1,0,45,CBSE/SEBA,,en,draft,AI-original (needs review),,A,Antioxidants,Antioxidants slow down rancidity.,,board,mcq;prevention
CR-T6-004,mcq,chemical-reactions-and-equations,rancidity,Meaning and cause,Rancidity is most likely to occur in:,1,recall,1,0,45,CBSE/SEBA,,en,draft,AI-original (needs review),,B,Butter kept open in a warm room,"Fatty foods with air, warmth and time turn rancid.",,board,mcq;meaning and cause
CR-T6-005,mcq,chemical-reactions-and-equations,rancidity,Effects,A food that has turned rancid shows:,1,recall,1,0,45,CBSE/SEBA,,en,draft,AI-original (needs review),,D,Unpleasant smell and taste,Oxidation forms foul-smelling compounds.,,board,mcq;effects
CR-T6-006,mcq,chemical-reactions-and-equations,rancidity,Prevention,Which of the following will NOT help in preventing rancidity?,2,application,1,0,45,CBSE/SEBA,,en,draft,AI-original (needs review),,C,Storing food in an open container in a warm place,Air and warmth speed up oxidation.,,board,mcq;prevention
CR-T6-007,mcq,chemical-reactions-and-equations,rancidity,Prevention,Refrigeration delays rancidity because low temperature:,3,reasoning,1,0,60,CBSE/SEBA,,en,draft,AI-original (needs review),,D,Slows down the rate of oxidation,Lower temperature reduces reaction rate.,,board;NTSE;foundation,mcq;prevention
CR-T6-008,mcq,chemical-reactions-and-equations,rancidity,Applications,"Why is nitrogen, and not oxygen, used to flush chip packets?",3,reasoning,1,0,60,CBSE/SEBA,,en,draft,AI-original (needs review),,D,Nitrogen is unreactive and does not oxidise the chips,An unreactive atmosphere prevents oxidation.,,board;NTSE;foundation,mcq;applications
CR-T6-009,mcq,chemical-reactions-and-equations,rancidity,Meaning and cause,Cooking oil left open for months develops a bad smell. This is an example of:,1,application,1,0,45,CBSE/SEBA,,en,draft,AI-original (needs review),,B,Rancidity,Oxidation of oil causes rancidity.,,board,mcq;meaning and cause
CR-T6-010,mcq,chemical-reactions-and-equations,rancidity,Applications,Rancidity occurs faster in summer than in winter because:,3,reasoning,1,0,60,CBSE/SEBA,,en,draft,AI-original (needs review),,B,Higher temperature increases the rate of oxidation,Higher temperature increases reaction rate.,,board;NTSE;foundation,mcq;applications
CR-T6-011,mcq,chemical-reactions-and-equations,rancidity,Applications,Which change in a chip packet would most quickly lead to rancidity?,2,application,1,0,45,CBSE/SEBA,,en,draft,AI-original (needs review),,B,A small hole letting air enter,Air contact brings oxygen.,,board,mcq;applications
CR-T6-012,assertion_reason,chemical-reactions-and-equations,rancidity,Prevention,"Assertion (A): Chips packets are flushed with nitrogen gas.
Reason (R): Nitrogen prevents oxidation of fats and oils in the chips.",1,recall,1,0,60,CBSE/SEBA,,en,draft,AI-original (needs review),,A,Both A and R are true and R is the correct explanation of A.,R explains A.,,board,assertion_reason;prevention
CR-T6-013,assertion_reason,chemical-reactions-and-equations,rancidity,Prevention,"Assertion (A): Antioxidants are added to foods containing fats and oils.
Reason (R): Nitrogen is an inert gas.",3,reasoning,1,0,75,CBSE/SEBA,,en,draft,AI-original (needs review),,B,Both A and R are true but R is not the correct explanation of A.,"Both are true, but R does not explain A.",,board;NTSE;foundation,assertion_reason;prevention
CR-T6-014,assertion_reason,chemical-reactions-and-equations,rancidity,Meaning and cause,"Assertion (A): Rancidity occurs when foods containing sugar are oxidised.
Reason (R): Rancidity is the oxidation of fats and oils in food.",3,reasoning,1,0,75,CBSE/SEBA,,en,draft,AI-original (needs review),,D,A is false but R is true.,"Rancidity involves fats and oils, not sugar, so A is false.",,board;NTSE;foundation,assertion_reason;meaning and cause
CR-T6-015,statement,chemical-reactions-and-equations,rancidity,Effects,"Consider the statements:
I. Rancidity spoils the smell and taste of foods containing fats and oils.
II. Storing food in airtight containers can delay rancidity.",1,recall,1,0,50,CBSE/SEBA,,en,draft,AI-original (needs review),,C,Both I and II are correct,Both are correct.,,board,statement;effects
CR-T6-016,statement,chemical-reactions-and-equations,rancidity,Meaning and cause,"Consider the statements:
I. Rancidity is a physical change.
II. Antioxidants help prevent oxidation of food.",1,recall,1,0,50,CBSE/SEBA,,en,draft,AI-original (needs review),,B,Only II is correct,Rancidity is a chemical change.,,board,statement;meaning and cause
CR-T6-017,match,chemical-reactions-and-equations,rancidity,Prevention,"Match the food or situation with the most suitable method to slow rancidity.
Column I:
1. Packaged potato chips
2. Vegetable oil during manufacture
3. Butter at home
4. Ghee in the kitchen
Column II:
P. Nitrogen flushing
Q. Adding antioxidants
R. Refrigeration
S. Airtight container",2,application,1,0,75,CBSE/SEBA,,en,draft,AI-original (needs review),,D,"1-P, 2-Q, 3-R, 4-S",Each method suits a typical situation.,,board,match;prevention
CR-T6-018,case_based,chemical-reactions-and-equations,rancidity,Applications,The change in the opened chips and oil is called:,1,recall,1,0,60,CBSE/SEBA,,en,draft,AI-original (needs review),CP-T6-01,C,Rancidity,Oxidation of fats and oils.,,board,case_based;applications
CR-T6-019,case_based,chemical-reactions-and-equations,rancidity,Applications,"Chemically, this change is due to:",1,recall,1,0,60,CBSE/SEBA,,en,draft,AI-original (needs review),CP-T6-01,D,Oxidation,Reaction with oxygen.,,board,case_based;applications
CR-T6-020,case_based,chemical-reactions-and-equations,rancidity,Applications,The sealed packet stayed fresh because:,2,application,1,0,60,CBSE/SEBA,,en,draft,AI-original (needs review),CP-T6-01,C,It contained nitrogen that prevented contact with oxygen,Nitrogen flushing blocks oxidation.,,board,case_based;applications
CR-T6-021,fill_blank,chemical-reactions-and-equations,rancidity,Meaning and cause,Rancidity is caused by the ____ of fats and oils.,1,recall,1,0,30,CBSE/SEBA,,en,draft,AI-original (needs review),,,oxidation,Oxidation.,,board,fill_blank;meaning and cause
CR-T6-022,fill_blank,chemical-reactions-and-equations,rancidity,Prevention,Chips packets are filled with ____ gas to prevent rancidity.,1,recall,1,0,30,CBSE/SEBA,,en,draft,AI-original (needs review),,,nitrogen,N₂ is unreactive.,,board,fill_blank;prevention
CR-T6-023,fill_blank,chemical-reactions-and-equations,rancidity,Prevention,Substances added to food to prevent oxidation are called ____.,1,recall,1,0,30,CBSE/SEBA,,en,draft,AI-original (needs review),,,antioxidants,Antioxidants.,,board,fill_blank;prevention
CR-T6-024,equation,chemical-reactions-and-equations,rancidity,Meaning and cause,Write the word equation representing rancidity.,2,recall,2,0,90,CBSE/SEBA,,en,draft,AI-original (needs review),,,"Fats/oils + oxygen → foul-smelling, bad-tasting compounds (rancid food)",Accept any equivalent word equation.,,board,equation;meaning and cause
CR-T6-025,short,chemical-reactions-and-equations,rancidity,Meaning and cause,What is rancidity? How can it be prevented?,2,recall,2,0,120,CBSE/SEBA,,en,draft,AI-original (needs review),,,"Oxidation of fats and oils in food causing bad smell and taste (1). Prevention: airtight containers, refrigeration, antioxidants, nitrogen flushing (1).",,,board,short;meaning and cause
CR-T6-026,short,chemical-reactions-and-equations,rancidity,Applications,Why is nitrogen used to flush packets of chips?,2,application,2,0,120,CBSE/SEBA,,en,draft,AI-original (needs review),,,"Nitrogen is an inert gas that displaces oxygen from the packet (1). Without oxygen, the fats and oils in the chips do not oxidise, so they do not turn rancid (1).",,,board,short;applications
CR-T6-027,short,chemical-reactions-and-equations,rancidity,Prevention,Give two reasons why refrigeration and airtight containers help in preventing rancidity.,2,application,2,0,120,CBSE/SEBA,,en,draft,AI-original (needs review),,,Refrigeration lowers temperature and slows oxidation (1). Airtight containers keep out oxygen (1).,,,board,short;prevention
CR-T6-028,long,chemical-reactions-and-equations,rancidity,Meaning and cause,"Explain rancidity: its cause, its effects on food, and four ways to prevent it, with everyday examples.",3,application,5,0,315,CBSE/SEBA,,en,draft,AI-original (needs review),,,"Cause: oxidation of fats and oils by air (1). Effects: foul smell and taste, food spoils, for example butter or chips (1). Prevention: antioxidants, airtight containers, refrigeration, nitrogen flushing (3).",,,board;NTSE;foundation,long;meaning and cause
CR-T7-001,mcq,chemical-reactions-and-equations,exothermic-endothermic,Exothermic,Which of the following is an exothermic process?,1,recall,1,0,45,CBSE/SEBA,,en,draft,AI-original (needs review),,A,Respiration,Respiration releases energy.,,board,mcq;exothermic
CR-T7-002,mcq,chemical-reactions-and-equations,exothermic-endothermic,Endothermic,Which of the following is an endothermic reaction?,1,recall,1,0,45,CBSE/SEBA,,en,draft,AI-original (needs review),,D,Thermal decomposition of calcium carbonate,Heat must be supplied to decompose CaCO₃.,,board,mcq;endothermic
CR-T7-003,mcq,chemical-reactions-and-equations,exothermic-endothermic,Exothermic,"When water is added to quicklime, the beaker becomes:",1,recall,1,0,45,CBSE/SEBA,,en,draft,AI-original (needs review),,A,Hot,Slaking of lime is exothermic.,,board,mcq;exothermic
CR-T7-004,mcq,chemical-reactions-and-equations,exothermic-endothermic,Exothermic,CH₄ + 2O₂ → CO₂ + 2H₂O + heat is an example of:,1,recall,1,0,45,CBSE/SEBA,,en,draft,AI-original (needs review),,B,An exothermic reaction,Heat is released.,,board,mcq;exothermic
CR-T7-005,mcq,chemical-reactions-and-equations,exothermic-endothermic,Exothermic,Respiration is an exothermic reaction because:,3,reasoning,1,0,60,CBSE/SEBA,,en,draft,AI-original (needs review),,A,Energy is released when glucose is oxidised,Glucose + oxygen → CO₂ + water + energy.,,board;NTSE;foundation,mcq;exothermic
CR-T7-006,mcq,chemical-reactions-and-equations,exothermic-endothermic,Endothermic,"When solid barium hydroxide and ammonium chloride are mixed, the beaker feels:",2,application,1,0,45,CBSE/SEBA,,en,draft,AI-original (needs review),,A,Very cold,The reaction absorbs heat from the surroundings.,,board,mcq;endothermic
CR-T7-007,mcq,chemical-reactions-and-equations,exothermic-endothermic,Exothermic,Decomposition of vegetable matter into compost is:,2,application,1,0,45,CBSE/SEBA,,en,draft,AI-original (needs review),,D,Exothermic,Heat is released during decay.,,board,mcq;exothermic
CR-T7-008,mcq,chemical-reactions-and-equations,exothermic-endothermic,Endothermic,"In photosynthesis, the energy absorbed is:",1,recall,1,0,45,CBSE/SEBA,,en,draft,AI-original (needs review),,D,Light energy from the Sun,Photosynthesis is endothermic.,,board,mcq;endothermic
CR-T7-009,mcq,chemical-reactions-and-equations,exothermic-endothermic,Identification,All combustion reactions are:,1,recall,1,0,45,CBSE/SEBA,,en,draft,AI-original (needs review),,B,Exothermic,Burning releases heat.,,board,mcq;identification
CR-T7-010,mcq,chemical-reactions-and-equations,exothermic-endothermic,Identification,Which pair is correctly matched?,2,application,1,0,45,CBSE/SEBA,,en,draft,AI-original (needs review),,A,Slaking of lime — exothermic,Slaking of lime releases heat.,,board,mcq;identification
CR-T7-011,mcq,chemical-reactions-and-equations,exothermic-endothermic,Identification,"Thermal, electrolytic and photolytic decomposition reactions all:",3,reasoning,1,0,60,CBSE/SEBA,,en,draft,AI-original (needs review),,D,Require energy in some form,"Decomposition needs energy input: heat, electricity or light.",,board;NTSE;foundation,mcq;identification
CR-T7-012,assertion_reason,chemical-reactions-and-equations,exothermic-endothermic,Exothermic,"Assertion (A): Burning of natural gas is an exothermic reaction.
Reason (R): Heat is released during the reaction.",1,recall,1,0,60,CBSE/SEBA,,en,draft,AI-original (needs review),,A,Both A and R are true and R is the correct explanation of A.,R explains A.,,board,assertion_reason;exothermic
CR-T7-013,assertion_reason,chemical-reactions-and-equations,exothermic-endothermic,Exothermic,"Assertion (A): Respiration is an endothermic reaction.
Reason (R): Glucose is oxidised in the cells of the body.",3,reasoning,1,0,75,CBSE/SEBA,,en,draft,AI-original (needs review),,D,A is false but R is true.,"Respiration is exothermic, so A is false.",,board;NTSE;foundation,assertion_reason;exothermic
CR-T7-014,assertion_reason,chemical-reactions-and-equations,exothermic-endothermic,Exothermic,"Assertion (A): Slaking of lime is an exothermic reaction.
Reason (R): Quicklime reacts with water to form calcium hydroxide.",3,reasoning,1,0,75,CBSE/SEBA,,en,draft,AI-original (needs review),,B,Both A and R are true but R is not the correct explanation of A.,"Both are true, but R does not explain the heat release.",,board;NTSE;foundation,assertion_reason;exothermic
CR-T7-015,statement,chemical-reactions-and-equations,exothermic-endothermic,Exothermic,"Consider the statements:
I. Exothermic reactions release heat.
II. Thermal decomposition of CaCO₃ is exothermic.",1,recall,1,0,50,CBSE/SEBA,,en,draft,AI-original (needs review),,A,Only I is correct,Thermal decomposition of CaCO₃ is endothermic.,,board,statement;exothermic
CR-T7-016,statement,chemical-reactions-and-equations,exothermic-endothermic,Identification,"Consider the statements:
I. Respiration is exothermic.
II. Photosynthesis is endothermic.",1,recall,1,0,50,CBSE/SEBA,,en,draft,AI-original (needs review),,C,Both I and II are correct,Both are correct.,,board,statement;identification
CR-T7-017,match,chemical-reactions-and-equations,exothermic-endothermic,Identification,"Match the process with its energy change.
Column I:
1. Burning of natural gas
2. Photosynthesis
3. Respiration
4. Thermal decomposition of CaCO₃
Column II:
P. Releases heat and light
Q. Absorbs light energy
R. Releases energy in body cells
S. Absorbs heat energy",2,application,1,0,75,CBSE/SEBA,,en,draft,AI-original (needs review),,B,"1-P, 2-Q, 3-R, 4-S",Match the process with its energy change.,,board,match;identification
CR-T7-018,case_based,chemical-reactions-and-equations,exothermic-endothermic,Endothermic,This reaction is:,1,recall,1,0,60,CBSE/SEBA,,en,draft,AI-original (needs review),CP-T7-01,D,Endothermic,Heat is absorbed.,,board,case_based;endothermic
CR-T7-019,case_based,chemical-reactions-and-equations,exothermic-endothermic,Endothermic,The beaker sticks to the plank because:,2,application,1,0,60,CBSE/SEBA,,en,draft,AI-original (needs review),CP-T7-01,D,The water on the plank freezes as heat is absorbed,Temperature falls below freezing point of water.,,board,case_based;endothermic
CR-T7-020,case_based,chemical-reactions-and-equations,exothermic-endothermic,Endothermic,"Based on the exchange of ions, this reaction is:",2,application,1,0,60,CBSE/SEBA,,en,draft,AI-original (needs review),CP-T7-01,A,A double displacement reaction,"Ba(OH)₂ and NH₄Cl exchange ions to give BaCl₂, NH₃ and H₂O.",,board,case_based;endothermic
CR-T7-021,fill_blank,chemical-reactions-and-equations,exothermic-endothermic,Exothermic,A reaction in which heat is released is called an ____ reaction.,1,recall,1,0,30,CBSE/SEBA,,en,draft,AI-original (needs review),,,exothermic,Exothermic.,,board,fill_blank;exothermic
CR-T7-022,fill_blank,chemical-reactions-and-equations,exothermic-endothermic,Endothermic,Photosynthesis is an ____ reaction.,1,recall,1,0,30,CBSE/SEBA,,en,draft,AI-original (needs review),,,endothermic,It absorbs light energy.,,board,fill_blank;endothermic
CR-T7-023,fill_blank,chemical-reactions-and-equations,exothermic-endothermic,Exothermic,Slaking of lime is the reaction of quicklime with ____.,1,recall,1,0,30,CBSE/SEBA,,en,draft,AI-original (needs review),,,water,CaO + H₂O → Ca(OH)₂.,,board,fill_blank;exothermic
CR-T7-024,equation,chemical-reactions-and-equations,exothermic-endothermic,Exothermic,Write the balanced equation for the burning of methane.,2,recall,2,0,90,CBSE/SEBA,,en,draft,AI-original (needs review),,,CH₄ + 2O₂ → CO₂ + 2H₂O + heat,"Coefficients 1, 2, 1, 2.",,board,equation;exothermic
CR-T7-025,equation,chemical-reactions-and-equations,exothermic-endothermic,Exothermic,Write the balanced equation for respiration.,2,application,2,0,90,CBSE/SEBA,,en,draft,AI-original (needs review),,,C₆H₁₂O₆ + 6O₂ → 6CO₂ + 6H₂O + energy,"Coefficients 1, 6, 6, 6.",,board,equation;exothermic
CR-T7-026,equation,chemical-reactions-and-equations,exothermic-endothermic,Endothermic,Write the balanced equation for photosynthesis.,2,application,2,0,90,CBSE/SEBA,,en,draft,AI-original (needs review),,,"6CO₂ + 6H₂O → C₆H₁₂O₆ + 6O₂ (sunlight, chlorophyll)",Conditions above the arrow.,,board,equation;endothermic
CR-T7-027,short,chemical-reactions-and-equations,exothermic-endothermic,Identification,Differentiate between exothermic and endothermic reactions with two examples of each.,2,recall,3,0,120,CBSE/SEBA,,en,draft,AI-original (needs review),,,"Exothermic reactions release heat, for example burning of natural gas and respiration (1.5). Endothermic reactions absorb heat, for example photosynthesis and thermal decomposition of CaCO₃ (1.5).",,,board,short;identification
CR-T7-028,short,chemical-reactions-and-equations,exothermic-endothermic,Exothermic,Why is respiration considered an exothermic reaction?,3,reasoning,2,0,135,CBSE/SEBA,,en,draft,AI-original (needs review),,,Glucose is oxidised in body cells (1). Energy is released in the process (1).,,,board;NTSE;foundation,short;exothermic
CR-T7-029,long,chemical-reactions-and-equations,exothermic-endothermic,Exothermic,"Describe the activity of adding water to quicklime: procedure, observation, equation, type of reaction, and one use of the product.",3,application,5,0,315,CBSE/SEBA,,en,draft,AI-original (needs review),,,Take quicklime in a beaker and add water slowly (1). The beaker becomes hot (1). CaO + H₂O → Ca(OH)₂ + heat (1). Combination and exothermic (1). Slaked lime is used for whitewashing (1).,,,board;NTSE;foundation,long;exothermic
